0.0,0.25464871525764465,0.2961086332798004,-0.12611721456050873,-0.013709470629692078,0.10248345136642456,-0.06852875649929047,-0.013902589678764343,-0.05571678280830383,0.019143037497997284,-0.16573747992515564,-0.24127742648124695,-0.09400074928998947,0.18649667501449585,0.18944860994815826,-0.0017927289009094238,0.2472221553325653,0.24725136160850525,-0.29530370235443115,-0.012543842196464539,0.032700538635253906
2.0,0.24691104888916016,0.3551611304283142,-0.09366840124130249,0.03503548353910446,0.27109548449516296,0.03922954201698303,-0.03770947456359863,-0.10313999652862549,-0.05088384076952934,-0.095670685172081,-0.39177748560905457,-0.07284485548734665,0.24511143565177917,0.18256337940692902,0.09181566536426544,0.393462210893631,0.34584012627601624,-0.3504677414894104,0.036623433232307434,-0.0016664955765008926
1.0,0.32109928131103516,0.2652661204338074,-0.11908932775259018,-0.06290911138057709,0.04656759649515152,-0.10570910573005676,-0.12605901062488556,-0.03305523097515106,0.060753680765628815,-0.1968754082918167,-0.19926783442497253,-0.09481892734766006,0.2130943238735199,0.17583012580871582,-0.0224992036819458,0.2556743919849396,0.18783831596374512,-0.31304728984832764,0.11414383351802826,0.0747690349817276
0.0,0.20672379434108734,0.3558388352394104,-0.10088920593261719,0.010509490966796875,0.21047116816043854,0.0012581348419189453,0.004219546914100647,-0.07961058616638184,-0.03767474740743637,-0.1313127875328064,-0.329395592212677,-0.08501767367124557,0.21591487526893616,0.20496706664562225,0.05517935752868652,0.3530230224132538,0.33916229009628296,-0.32033273577690125,-0.025982767343521118,-0.012713873758912086
1.0,0.2571031451225281,0.28518593311309814,-0.10386063158512115,-0.006451323628425598,0.16813132166862488,-0.02445147931575775,0.07445947825908661,-0.012742146849632263,-0.005841195583343506,-0.17036299407482147,-0.27767202258110046,-0.06269658356904984,0.1818981170654297,0.20562942326068878,0.015842586755752563,0.3111548125743866,0.2939825654029846,-0.2829110324382782,-0.032125771045684814,0.026077670976519585
0.0,0.23655834794044495,0.3396719694137573,-0.1013416200876236,-0.02651025354862213,0.1776009202003479,-0.024842560291290283,-0.07452316582202911,-0.08167913556098938,-0.01055358350276947,-0.14088869094848633,-0.3019019663333893,-0.09050106257200241,0.23401480913162231,0.19654469192028046,0.03411833941936493,0.34639665484428406,0.30852824449539185,-0.3304700255393982,0.036644771695137024,0.009549302980303764
2.0,0.25571322441101074,0.3100368082523346,-0.09280803799629211,0.005793362855911255,0.19137990474700928,-0.01548592746257782,0.001557871699333191,-0.08163882791996002,-0.0001079365611076355,-0.13353997468948364,-0.30111661553382874,-0.09783347696065903,0.21468651294708252,0.19608354568481445,0.03528270125389099,0.2984858751296997,0.2900744676589966,-0.3202960193157196,-0.014689236879348755,0.018162040039896965
0.0,0.2046901285648346,0.3505578339099884,-0.11428450793027878,0.019345462322235107,0.17291858792304993,-0.015372231602668762,0.026815861463546753,-0.07633619010448456,-0.030689075589179993,-0.14688658714294434,-0.3072110712528229,-0.09630302339792252,0.19237598776817322,0.21032480895519257,0.0441405326128006,0.31686219573020935,0.3184348940849304,-0.31077510118484497,-0.047302111983299255,-0.0118651632219553
1.0,0.2817084789276123,0.26348814368247986,-0.10897255688905716,-0.004322662949562073,0.15850546956062317,-0.04133504629135132,0.05596822500228882,0.003712266683578491,0.013228379189968109,-0.1535329818725586,-0.2597332000732422,-0.05043638497591019,0.1949704885482788,0.17382599413394928,-0.0023616552352905273,0.273139089345932,0.2660911977291107,-0.2753976583480835,-0.026190146803855896,0.05293148756027222
1.0,0.22760389745235443,0.31151720881462097,-0.08121736347675323,0.010008186101913452,0.15141621232032776,-0.03065149486064911,0.10300196707248688,-0.03270004689693451,-0.016222834587097168,-0.1944972723722458,-0.2816339433193207,-0.08761916309595108,0.16837862133979797,0.225923553109169,0.05453944206237793,0.3141910433769226,0.280986487865448,-0.28646403551101685,-0.055899932980537415,-0.0006803590804338455
0.0,0.18244588375091553,0.36087217926979065,-0.0719480961561203,-0.006828933954238892,0.16309161484241486,-0.04135042428970337,0.021272465586662292,-0.07569386065006256,-0.03124002367258072,-0.16626334190368652,-0.29974105954170227,-0.09565898030996323,0.20774713158607483,0.2083432823419571,0.07172736525535583,0.33157071471214294,0.2987483739852905,-0.3005411624908447,-0.05079969763755798,-0.023097673431038857
2.0,0.28348618745803833,0.3130577504634857,-0.0743052288889885,0.014349624514579773,0.3141340911388397,0.04178416728973389,-0.021383672952651978,-0.06889665126800537,-0.016643188893795013,-0.04557293653488159,-0.3532942831516266,-0.06686506420373917,0.28783106803894043,0.14362506568431854,0.020060569047927856,0.3315081298351288,0.35715463757514954,-0.3365768492221832,-0.0030938535928726196,0.03089735470712185
0.0,0.2092309594154358,0.36191436648368835,-0.09709718823432922,0.0030848681926727295,0.21046632528305054,-0.0007119476795196533,-0.020178750157356262,-0.08498194813728333,-0.03649799898266792,-0.12800967693328857,-0.3296053111553192,-0.09036948531866074,0.2276621162891388,0.20100580155849457,0.053084030747413635,0.35693129897117615,0.33943188190460205,-0.32709169387817383,-0.010982587933540344,-0.01286703534424305
0.0,0.1965446174144745,0.36389490962028503,-0.08838072419166565,-0.01836855709552765,0.15189826488494873,-0.03545798361301422,-0.023700326681137085,-0.09254749119281769,-0.027419038116931915,-0.17240175604820251,-0.29901713132858276,-0.10911954194307327,0.20642319321632385,0.2216162532567978,0.06027264893054962,0.3457130491733551,0.3049139380455017,-0.31992700695991516,-0.006017550826072693,-0.0225107092410326
2.0,0.28654471039772034,0.2923782467842102,-0.09017178416252136,-0.00802217423915863,0.24219867587089539,-0.005490779876708984,-0.06514546275138855,-0.07379783689975739,0.004453688859939575,-0.08529887348413467,-0.32160717248916626,-0.054351337254047394,0.26118746399879456,0.14884372055530548,0.032516852021217346,0.3199187219142914,0.298158198595047,-0.3257172107696533,0.03659649193286896,0.04628847539424896
2.0,0.24946576356887817,0.30448734760284424,-0.07357712090015411,0.008069321513175964,0.23820443451404572,0.0014472603797912598,0.0023593753576278687,-0.10488855838775635,-0.011751070618629456,-0.1188816949725151,-0.3368557393550873,-0.0705101415514946,0.2203415036201477,0.19296109676361084,0.08097736537456512,0.3362676203250885,0.2979580760002136,-0.32194793224334717,-0.006181821227073669,0.012089407071471214
2.0,0.24712079763412476,0.3248554468154907,-0.10042846202850342,0.026040934026241302,0.22116753458976746,0.01081421971321106,-0.0003210306167602539,-0.10014261305332184,-0.020675092935562134,-0.12340826541185379,-0.33891627192497253,-0.08805417269468307,0.21054470539093018,0.2026401311159134,0.06585478782653809,0.3359837532043457,0.31231066584587097,-0.3327668309211731,-0.001991838216781616,0.006360245868563652
0.0,0.21359483897686005,0.35474663972854614,-0.09213046729564667,0.020603954792022705,0.24999891221523285,0.01923564076423645,0.010892018675804138,-0.08052468299865723,-0.041490230709314346,-0.10269806534051895,-0.3465326428413391,-0.07941357791423798,0.23475906252861023,0.1897386610507965,0.054589852690696716,0.35292848944664,0.3552713990211487,-0.3239034414291382,-0.036784619092941284,-0.009803282096982002
1.0,0.2387654334306717,0.31247109174728394,-0.08318409323692322,0.017516829073429108,0.16364705562591553,-0.027875646948814392,0.07847721874713898,-0.034331247210502625,-0.008855335414409637,-0.1690935492515564,-0.28195464611053467,-0.09072481840848923,0.1896357238292694,0.20594055950641632,0.042194247245788574,0.29668012261390686,0.28065431118011475,-0.2944396734237671,-0.05266725271940231,0.009992731735110283
0.0,0.1932070553302765,0.35633039474487305,-0.10271313786506653,0.02538861334323883,0.2030239999294281,0.006296798586845398,0.05645152926445007,-0.08697289228439331,-0.038278598338365555,-0.14328715205192566,-0.32319408655166626,-0.10409637540578842,0.19077211618423462,0.22806484997272491,0.053645938634872437,0.3335680067539215,0.3425225019454956,-0.3159826695919037,-0.07024703174829483,-0.02499653585255146
1.0,0.2425362765789032,0.3037372827529907,-0.084339439868927,0.0007759183645248413,0.14132556319236755,-0.039378002285957336,0.07363659143447876,-0.03136548399925232,-0.004365772008895874,-0.19148695468902588,-0.2704281508922577,-0.08919037133455276,0.1775452047586441,0.2171315997838974,0.04174572229385376,0.3036727011203766,0.26913851499557495,-0.29029399156570435,-0.03538374602794647,0.011192111298441887
0.0,0.20749297738075256,0.34915274381637573,-0.10254831612110138,0.01864660531282425,0.20793338119983673,0.007309019565582275,0.04014520347118378,-0.08435694873332977,-0.033442966639995575,-0.13672293722629547,-0.32123512029647827,-0.10087992995977402,0.199869304895401,0.2201916128396988,0.045071572065353394,0.3332323729991913,0.3417700529098511,-0.3190743625164032,-0.053157269954681396,-0.017202036455273628
2.0,0.29189640283584595,0.2849782705307007,-0.09140332788228989,0.007466211915016174,0.26909711956977844,0.01252591609954834,-0.02733348309993744,-0.06989112496376038,0.0017793253064155579,-0.0666002556681633,-0.3278328478336334,-0.05416397005319595,0.25999900698661804,0.14500966668128967,0.02078983187675476,0.3045746982097626,0.3151094317436218,-0.32241755723953247,0.005633682012557983,0.046670638024806976
2.0,0.31765395402908325,0.25689345598220825,-0.08239709585905075,0.03462982177734375,0.28278669714927673,0.020323753356933594,0.02505834400653839,-0.0746551975607872,0.0045761168003082275,-0.06195253133773804,-0.33959364891052246,-0.04945386201143265,0.2433384358882904,0.13761743903160095,0.038463294506073,0.27741238474845886,0.29108643531799316,-0.31504762172698975,-0.012252464890480042,0.05527625232934952
0.0,0.18446768820285797,0.35580533742904663,-0.08171673119068146,-0.00260944664478302,0.18689173460006714,-0.028017014265060425,0.011538997292518616,-0.07988937199115753,-0.034323252737522125,-0.1493549942970276,-0.3150176405906677,-0.07843778282403946,0.2111569344997406,0.20332185924053192,0.07561811804771423,0.34549713134765625,0.31230059266090393,-0.30321288108825684,-0.04403553903102875,-0.017992423847317696
1.0,0.24131275713443756,0.2954041361808777,-0.10526665300130844,-0.002177104353904724,0.17496708035469055,-0.012420132756233215,0.09949465095996857,-0.016786083579063416,-0.018512018024921417,-0.1796172559261322,-0.28855380415916443,-0.06624356657266617,0.16877025365829468,0.2245933562517166,0.02457316219806671,0.33012422919273376,0.31266093254089355,-0.2831082344055176,-0.04586032032966614,0.011160416528582573
0.0,0.180956169962883,0.36196935176849365,-0.05098116397857666,-0.02907826006412506,0.1574086993932724,-0.05370134115219116,0.00745023787021637,-0.07592828571796417,-0.025588147342205048,-0.17513887584209442,-0.2901802062988281,-0.10263039916753769,0.22064563632011414,0.20880933105945587,0.07160229980945587,0.33547958731651306,0.29096996784210205,-0.29972636699676514,-0.0436430424451828,-0.025004031136631966
0.0,0.199928879737854,0.36508414149284363,-0.10905558615922928,-0.013892874121665955,0.12447646260261536,-0.037187814712524414,-0.019660010933876038,-0.09699229896068573,-0.025855951011180878,-0.18668809533119202,-0.28721362352371216,-0.12490107864141464,0.18541982769966125,0.23642532527446747,0.04552948474884033,0.3321925699710846,0.3029254674911499,-0.3234272003173828,-0.003160223364830017,-0.02574901469051838
1.0,0.2507418990135193,0.2984948754310608,-0.09177564084529877,0.011546827852725983,0.16614049673080444,-0.029252395033836365,0.07230491936206818,-0.02278093993663788,-0.0031533092260360718,-0.1620151698589325,-0.27731412649154663,-0.07793485373258591,0.19227352738380432,0.19652427732944489,0.02788892388343811,0.2915510833263397,0.28027376532554626,-0.2892380654811859,-0.04633988440036774,0.02262204699218273
0.0,0.1722627878189087,0.3653922975063324,-0.0764647126197815,-0.0029599815607070923,0.18216703832149506,-0.028455793857574463,0.020233511924743652,-0.08653794229030609,-0.040157612413167953,-0.1596052199602127,-0.31728750467300415,-0.08582227677106857,0.20504024624824524,0.21421147882938385,0.08535638451576233,0.3531796634197235,0.3147042989730835,-0.30382752418518066,-0.05039761960506439,-0.02916739322245121
1.0,0.24184979498386383,0.295398473739624,-0.08299191296100616,-0.009085536003112793,0.11830165982246399,-0.052970752120018005,0.08243031799793243,-0.025272265076637268,-0.002103768289089203,-0.21446286141872406,-0.2595178782939911,-0.08425240218639374,0.16204902529716492,0.22562171518802643,0.0480339378118515,0.30636677145957947,0.2533755302429199,-0.2812407910823822,-0.029052838683128357,0.011033548042178154
0.0,0.20400701463222504,0.3775448501110077,-0.08674214780330658,0.007358722388744354,0.20813459157943726,0.002725929021835327,-0.00518392026424408,-0.08393265306949615,-0.04352417588233948,-0.13446536660194397,-0.3301641345024109,-0.10984642058610916,0.2302117645740509,0.20728076994419098,0.05195841193199158,0.35635507106781006,0.3459053039550781,-0.33120930194854736,-0.020841360092163086,-0.024848373606801033
2.0,0.2640630006790161,0.3172483742237091,-0.09212653338909149,0.023806869983673096,0.28586873412132263,0.03138419985771179,-0.0321432501077652,-0.08213528990745544,-0.01997758448123932,-0.07030615955591202,-0.36168503761291504,-0.055683352053165436,0.2596902549266815,0.16236557066440582,0.05552941560745239,0.35264432430267334,0.3381466269493103,-0.33624112606048584,0.009907737374305725,0.027818141505122185
0.0,0.2503820061683655,0.35376012325286865,-0.0955972746014595,0.01762225478887558,0.25998708605766296,0.025180816650390625,-0.04142044484615326,-0.06847424805164337,-0.03487614542245865,-0.0812603160738945,-0.3500618040561676,-0.08157188445329666,0.267890065908432,0.16323325037956238,0.032384634017944336,0.35288962721824646,0.35529130697250366,-0.3403528332710266,0.011772558093070984,0.009725285694003105
1.0,0.2491159290075302,0.2925283908843994,-0.0745740532875061,-0.0010535567998886108,0.09706006199121475,-0.07413613796234131,0.06610032916069031,-0.024139240384101868,0.013618282973766327,-0.21180595457553864,-0.2422943115234375,-0.09129516035318375,0.17202165722846985,0.20755921304225922,0.05075101554393768,0.27314281463623047,0.2183694839477539,-0.28105950355529785,-0.029160603880882263,0.022491170093417168
0.0,0.23392093181610107,0.3638375997543335,-0.09650534391403198,0.005012229084968567,0.20866182446479797,0.002017080783843994,-0.02974793314933777,-0.07105989754199982,-0.0320509597659111,-0.11831958591938019,-0.3212718069553375,-0.10724761337041855,0.2450239062309265,0.18661220371723175,0.024633824825286865,0.33743467926979065,0.3403934836387634,-0.3347591161727905,0.0008457005023956299,-0.004893327131867409
2.0,0.27318626642227173,0.27062126994132996,-0.09755155444145203,0.00026980042457580566,0.16208508610725403,-0.054419174790382385,-0.02234657108783722,-0.07184171676635742,0.017688550055027008,-0.13809286057949066,-0.28802675008773804,-0.04971300810575485,0.20527786016464233,0.1630631536245346,0.06009267270565033,0.27825865149497986,0.2277756631374359,-0.29626697301864624,0.01137174665927887,0.049180224537849426
1.0,0.2569437026977539,0.2921367287635803,-0.0807882770895958,0.0057120174169540405,0.12244097888469696,-0.06038767099380493,0.05732212960720062,-0.023678407073020935,0.01393059641122818,-0.18505187332630157,-0.2512393593788147,-0.08898039907217026,0.1877346634864807,0.19443078339099884,0.03611409664154053,0.26731327176094055,0.23476436734199524,-0.2865332365036011,-0.03352753818035126,0.029337389394640923
1.0,0.2504238784313202,0.30291420221328735,-0.09467004239559174,0.0015019327402114868,0.16805672645568848,-0.02305792272090912,0.06024026870727539,-0.030047833919525146,-0.007165350019931793,-0.16717885434627533,-0.2815878391265869,-0.08191108703613281,0.1910783350467682,0.20720024406909943,0.02585412561893463,0.3090222477912903,0.29224514961242676,-0.29578158259391785,-0.03071431815624237,0.01686549000442028
1.0,0.24164608120918274,0.28907743096351624,-0.08744308352470398,-0.0025944560766220093,0.13140475749969482,-0.04727572202682495,0.10035039484500885,-0.015396520495414734,-0.004851505160331726,-0.2046661376953125,-0.26429086923599243,-0.07182420045137405,0.1608966737985611,0.21900533139705658,0.044542789459228516,0.30353406071662903,0.26067638397216797,-0.27369892597198486,-0.04438553750514984,0.015148265287280083
0.0,0.18603543937206268,0.36009401082992554,-0.0841006487607956,0.0026531964540481567,0.17084452509880066,-0.031645387411117554,0.02284426987171173,-0.07667471468448639,-0.03434867411851883,-0.1581001579761505,-0.30687230825424194,-0.09201737493276596,0.20424318313598633,0.2074250429868698,0.06839275360107422,0.33234766125679016,0.30736005306243896,-0.3033345341682434,-0.05000748485326767,-0.02124362625181675
0.0,0.1916598230600357,0.38738539814949036,-0.08316899836063385,0.013887360692024231,0.18169298768043518,-0.004653066396713257,0.04877153038978577,-0.07641610503196716,-0.04905281215906143,-0.15551190078258514,-0.31345921754837036,-0.1376577913761139,0.21024850010871887,0.22240205109119415,0.03789900243282318,0.32795682549476624,0.34475836157798767,-0.3209533393383026,-0.06404407322406769,-0.04098799079656601
2.0,0.2579942047595978,0.31027811765670776,-0.0993279218673706,0.012036792933940887,0.23195689916610718,0.003761202096939087,-0.010265186429023743,-0.07655589282512665,-0.010425277054309845,-0.10241871327161789,-0.32254502177238464,-0.070132777094841,0.23114290833473206,0.17636680603027344,0.03771701455116272,0.3187594413757324,0.31524598598480225,-0.3214896023273468,-0.006492480635643005,0.022981850430369377
2.0,0.2834128737449646,0.2881934642791748,-0.09237489104270935,0.024575307965278625,0.29278385639190674,0.031921207904815674,0.007669374346733093,-0.07295272499322891,-0.006247915327548981,-0.057635627686977386,-0.34127455949783325,-0.055918335914611816,0.2533724009990692,0.1534990519285202,0.02457726001739502,0.3073020875453949,0.33493465185165405,-0.3229324519634247,-0.022991925477981567,0.038927190005779266
0.0,0.22556671500205994,0.33518823981285095,-0.11365844309329987,0.019647657871246338,0.19779068231582642,-0.009522706270217896,0.015746429562568665,-0.06202384829521179,-0.022470615804195404,-0.11962802708148956,-0.3088606894016266,-0.08113380521535873,0.21405556797981262,0.18521904945373535,0.02805180847644806,0.30666229128837585,0.32117539644241333,-0.30941781401634216,-0.042693883180618286,0.007266810163855553
1.0,0.25660139322280884,0.2936588525772095,-0.09124750643968582,-0.0014525949954986572,0.1463160365819931,-0.04028637707233429,0.057481080293655396,-0.023963913321495056,0.0033580362796783447,-0.17705315351486206,-0.2662167549133301,-0.08172594755887985,0.18799307942390442,0.2022572010755539,0.026159286499023438,0.29244929552078247,0.2673228979110718,-0.2899928092956543,-0.02754804491996765,0.024940846487879753
1.0,0.25307518243789673,0.28559619188308716,-0.08796200901269913,0.00024084746837615967,0.1309128701686859,-0.05194219946861267,0.08042159676551819,-0.015086919069290161,0.004731021821498871,-0.19127771258354187,-0.2583015263080597,-0.07465574890375137,0.17432966828346252,0.20380844175815582,0.035064518451690674,0.2851373851299286,0.25081634521484375,-0.27766096591949463,-0.03875020146369934,0.02586972527205944
0.0,0.22056597471237183,0.37612950801849365,-0.07688114047050476,0.0011741071939468384,0.22104516625404358,0.0058390796184539795,-0.007816210389137268,-0.07718120515346527,-0.046126119792461395,-0.12181012332439423,-0.3330610692501068,-0.11340045183897018,0.24778130650520325,0.19063390791416168,0.037505924701690674,0.3485848605632782,0.35067811608314514,-0.3314046859741211,-0.015154615044593811,-0.02185429073870182
2.0,0.2336401641368866,0.35459572076797485,-0.09352143108844757,0.022631339728832245,0.27215322852134705,0.038413435220718384,-0.01877342164516449,-0.09015454351902008,-0.03697434812784195,-0.08787111192941666,-0.35783901810646057,-0.0874277874827385,0.2509112060070038,0.189943328499794,0.04857867956161499,0.3658244013786316,0.36761927604675293,-0.3446817994117737,-0.006933927536010742,-0.003507697954773903
2.0,0.30753767490386963,0.2962188720703125,-0.10959580540657043,0.044667281210422516,0.2844211459159851,0.02979758381843567,-0.04256945848464966,-0.06415997445583344,-0.018320240080356598,-0.051665522158145905,-0.3721924424171448,-0.03644948452711105,0.2644401788711548,0.12437519431114197,0.04890863597393036,0.32863524556159973,0.3130429983139038,-0.3328211307525635,0.03874023258686066,0.055340081453323364
1.0,0.2898406684398651,0.25160616636276245,-0.12808004021644592,-0.014321893453598022,0.15944881737232208,-0.03387343883514404,0.0579911470413208,0.015512034296989441,0.013964898884296417,-0.15642468631267548,-0.25731807947158813,-0.040998272597789764,0.18550170958042145,0.18214274942874908,-0.02319219708442688,0.28262242674827576,0.2815445065498352,-0.2722565531730652,-0.018208935856819153,0.05964086949825287
2.0,0.2326645404100418,0.3376418650150299,-0.09433211386203766,0.013389326632022858,0.2533811330795288,0.01915004849433899,-0.016454800963401794,-0.08333209156990051,-0.02574741095304489,-0.09824343025684357,-0.34339508414268494,-0.07508284598588943,0.2418597936630249,0.1879010945558548,0.050151675939559937,0.35361024737358093,0.34504520893096924,-0.331136018037796,-0.012561306357383728,0.00674155168235302
2.0,0.2792925536632538,0.28189706802368164,-0.08821022510528564,0.005288049578666687,0.22906798124313354,-0.0015250146389007568,0.0003405660390853882,-0.09134913980960846,0.007279209792613983,-0.10778120905160904,-0.312173068523407,-0.0770353376865387,0.22247838973999023,0.18164005875587463,0.037532269954681396,0.2957545816898346,0.2916843295097351,-0.3203725218772888,-0.006276413798332214,0.03197309374809265
2.0,0.2435666173696518,0.3205236792564392,-0.10910753905773163,0.03136000782251358,0.2599698603153229,0.022659093141555786,-0.009065642952919006,-0.08174276351928711,-0.022823967039585114,-0.08726241439580917,-0.3524278402328491,-0.055592700839042664,0.23232978582382202,0.17748728394508362,0.057986050844192505,0.344454824924469,0.3342714309692383,-0.32636022567749023,-0.01368759572505951,0.02066880278289318
2.0,0.2280605584383011,0.33645355701446533,-0.09473177790641785,0.007617779076099396,0.24264493584632874,0.01807519793510437,-0.024645015597343445,-0.1033896803855896,-0.02381209284067154,-0.11633805930614471,-0.34636932611465454,-0.08133895695209503,0.22719362378120422,0.20948238670825958,0.06691470742225647,0.3687228560447693,0.3381344676017761,-0.3377612829208374,0.0015398114919662476,0.0006219502538442612
2.0,0.3021717369556427,0.292589396238327,-0.10010737180709839,0.026797741651535034,0.2657277286052704,0.02548930048942566,-0.029086485505104065,-0.08185721933841705,-0.00519542396068573,-0.07455157488584518,-0.34639477729797363,-0.06748295575380325,0.2496492564678192,0.1567479819059372,0.035291045904159546,0.31624141335487366,0.3127535879611969,-0.3376043438911438,0.026057735085487366,0.04321111738681793
1.0,0.25129133462905884,0.27945953607559204,-0.11197780072689056,-0.0011952519416809082,0.17067945003509521,-0.01953299343585968,0.10509158670902252,-0.0012411624193191528,-0.010712474584579468,-0.17491880059242249,-0.27956685423851013,-0.05282869189977646,0.16747060418128967,0.21236403286457062,0.014227241277694702,0.3141302168369293,0.3021417558193207,-0.273073673248291,-0.05050474405288696,0.025324372574687004
1.0,0.24919405579566956,0.2950998544692993,-0.08956176042556763,0.00830378383398056,0.15349726378917694,-0.036883533000946045,0.07927805185317993,-0.020542457699775696,-0.0018635541200637817,-0.1743486374616623,-0.27152860164642334,-0.0770835280418396,0.18390613794326782,0.2011851817369461,0.032901883125305176,0.2909746468067169,0.270473837852478,-0.2845483124256134,-0.04597146809101105,0.02173381857573986
0.0,0.20558132231235504,0.3824958801269531,-0.09005840122699738,0.016887761652469635,0.2471480369567871,0.027060598134994507,-0.01295800507068634,-0.08980205655097961,-0.05387095361948013,-0.11113336682319641,-0.35697439312934875,-0.098167784512043,0.24235481023788452,0.20169954001903534,0.059378013014793396,0.38022929430007935,0.37142103910446167,-0.34042593836784363,-0.013524308800697327,-0.025416383519768715
1.0,0.21940553188323975,0.3075578808784485,-0.075113944709301,-0.002000674605369568,0.11262010782957077,-0.0530916303396225,0.11339326202869415,-0.029007956385612488,-0.014890484511852264,-0.2325056493282318,-0.26586562395095825,-0.08566641062498093,0.14539822936058044,0.2413216382265091,0.07235854864120483,0.32058975100517273,0.25494083762168884,-0.2757715582847595,-0.04677712172269821,-0.0066063422709703445
1.0,0.25393086671829224,0.29860779643058777,-0.09255266189575195,0.00937218964099884,0.16520258784294128,-0.029830560088157654,0.06259217858314514,-0.02478201687335968,-0.0012986063957214355,-0.16038095951080322,-0.27618324756622314,-0.07962635904550552,0.1954537183046341,0.19496871531009674,0.025323793292045593,0.2909327447414398,0.2794514000415802,-0.2919982075691223,-0.03954051434993744,0.02415662817656994
0.0,0.1977686882019043,0.36577102541923523,-0.08835729956626892,0.014126613736152649,0.20792189240455627,-0.005101695656776428,0.016041845083236694,-0.07584847509860992,-0.041687171906232834,-0.13153459131717682,-0.3277701735496521,-0.09121649712324142,0.22191154956817627,0.19864796102046967,0.05970156192779541,0.34449657797813416,0.3349252939224243,-0.31600284576416016,-0.04269477725028992,-0.018852049484848976
2.0,0.22621825337409973,0.3316214680671692,-0.10993562638759613,0.013909295201301575,0.20614880323410034,-0.01526544988155365,-0.02910846471786499,-0.071500763297081,-0.024796389043331146,-0.11747661232948303,-0.33046385645866394,-0.05116382986307144,0.22326529026031494,0.17365418374538422,0.0661499947309494,0.34217366576194763,0.3053213953971863,-0.31235113739967346,-0.0004922449588775635,0.01583058200776577
1.0,0.2559894919395447,0.3067065477371216,-0.07900066673755646,0.007664412260055542,0.1344512403011322,-0.05043020844459534,0.033789947628974915,-0.0383315235376358,0.012167707085609436,-0.17321719229221344,-0.25922510027885437,-0.10358322411775589,0.20221532881259918,0.19501756131649017,0.03372618556022644,0.2728620171546936,0.24746555089950562,-0.3019844591617584,-0.02479696273803711,0.02404901199042797
0.0,0.22544412314891815,0.35687345266342163,-0.09773188829421997,0.015370093286037445,0.2122117131948471,0.007169604301452637,0.0073282718658447266,-0.07731987535953522,-0.03230517357587814,-0.12223358452320099,-0.3216327726840973,-0.10831435769796371,0.22660353779792786,0.19933168590068817,0.03058159351348877,0.3286026418209076,0.3419005274772644,-0.32868492603302,-0.028573468327522278,-0.010170834138989449
2.0,0.3031846582889557,0.24896639585494995,-0.07775472104549408,-0.009994685649871826,0.20949801802635193,-0.0291292667388916,-0.011586770415306091,-0.081679567694664,0.030828766524791718,-0.11161419004201889,-0.2883792519569397,-0.06333678215742111,0.22611287236213684,0.16197820007801056,0.03345942497253418,0.26579657196998596,0.2487032413482666,-0.3070720434188843,0.005750879645347595,0.05572916567325592
0.0,0.23674990236759186,0.3538990616798401,-0.08592104911804199,0.005683764815330505,0.2443552166223526,0.009459108114242554,-0.016686856746673584,-0.06657114624977112,-0.03650052845478058,-0.09125413000583649,-0.33226799964904785,-0.08535256236791611,0.2597426772117615,0.16363584995269775,0.026000380516052246,0.33378496766090393,0.35027751326560974,-0.32474714517593384,-0.01543724536895752,-0.0005704034119844437
0.0,0.23034071922302246,0.363157719373703,-0.10129915922880173,0.013808846473693848,0.2334613800048828,0.017103835940361023,-0.027844533324241638,-0.07739831507205963,-0.03802112489938736,-0.10504454374313354,-0.33936864137649536,-0.09459257870912552,0.24564224481582642,0.18648284673690796,0.035370081663131714,0.352957159280777,0.3545157313346863,-0.3375999927520752,-0.0009797215461730957,-0.005075501278042793
2.0,0.2740551233291626,0.30310407280921936,-0.05195498839020729,-0.0017349272966384888,0.2904837727546692,0.02049228549003601,-0.008962646126747131,-0.07686159759759903,-0.00380050390958786,-0.07630408555269241,-0.3409864008426666,-0.0774305984377861,0.27648648619651794,0.1637440174818039,0.038345515727996826,0.3289918005466461,0.3275434374809265,-0.32944029569625854,-0.014208927750587463,0.029138779267668724
2.0,0.25720828771591187,0.3195945620536804,-0.09476248174905777,0.02579093724489212,0.28755518794059753,0.03898456692695618,-0.008238047361373901,-0.09082908928394318,-0.025278516113758087,-0.07436829060316086,-0.3608657717704773,-0.06499842554330826,0.24649158120155334,0.17582908272743225,0.051205962896347046,0.34911075234413147,0.3504979610443115,-0.3355250358581543,-0.007102683186531067,0.016283048316836357
1.0,0.25169938802719116,0.3006165027618408,-0.12313142418861389,0.008081719279289246,0.19893720746040344,0.006455525755882263,0.07650353014469147,-0.020163297653198242,-0.0233725905418396,-0.1503317654132843,-0.30179786682128906,-0.062132567167282104,0.18243536353111267,0.2106790691614151,0.00913625955581665,0.33165502548217773,0.33554452657699585,-0.2944219708442688,-0.03366641700267792,0.01615297608077526
1.0,0.2598743438720703,0.28121742606163025,-0.10927299410104752,0.0056851208209991455,0.1838444173336029,-0.01793771982192993,0.08524693548679352,-0.005148977041244507,-0.007536344230175018,-0.15215976536273956,-0.28322339057922363,-0.05238091200590134,0.1865863800048828,0.19170881807804108,0.010659337043762207,0.3009772300720215,0.29991647601127625,-0.27852940559387207,-0.04668328911066055,0.03216874599456787
2.0,0.3092699348926544,0.28165456652641296,-0.09119702130556107,0.022929027676582336,0.2745179533958435,0.025170892477035522,-0.02483062446117401,-0.08543546497821808,-0.0009587258100509644,-0.06992629170417786,-0.3448351323604584,-0.06251845508813858,0.2520703971385956,0.15188588201999664,0.03781755268573761,0.31099268794059753,0.307689905166626,-0.3349514305591583,0.025628969073295593,0.04614638537168503
2.0,0.29311519861221313,0.28018563985824585,-0.11852098256349564,0.030393682420253754,0.19400599598884583,-0.02291250228881836,-0.03479498624801636,-0.07537148892879486,-0.0025187134742736816,-0.11150196194648743,-0.3275143504142761,-0.03937841206789017,0.2116243839263916,0.14741873741149902,0.06785567104816437,0.29862865805625916,0.24945282936096191,-0.31213605403900146,0.04109741747379303,0.051600292325019836
2.0,0.24816995859146118,0.32434961199760437,-0.0935412347316742,0.030036211013793945,0.22795996069908142,0.009621471166610718,0.01663881540298462,-0.08730007708072662,-0.023276060819625854,-0.11651378124952316,-0.33996984362602234,-0.08518408983945847,0.21753203868865967,0.19093240797519684,0.06152084469795227,0.32620981335639954,0.31229352951049805,-0.3251993954181671,-0.01842421293258667,0.008580787107348442
2.0,0.21351073682308197,0.34007763862609863,-0.10074014961719513,0.0192410945892334,0.19931229948997498,-0.009032398462295532,0.012369051575660706,-0.0831342339515686,-0.03348102420568466,-0.1383536159992218,-0.3286423683166504,-0.07041323930025101,0.20149526000022888,0.19945834577083588,0.0765777975320816,0.34445899724960327,0.3115382790565491,-0.31266361474990845,-0.02048732340335846,-0.00590101070702076
2.0,0.2625303268432617,0.3108046054840088,-0.1153796911239624,0.04552455246448517,0.2635684609413147,0.022433459758758545,-0.01192997395992279,-0.07205165922641754,-0.022989965975284576,-0.07489372789859772,-0.35937798023223877,-0.041459694504737854,0.23618224263191223,0.15530219674110413,0.06047578155994415,0.33369874954223633,0.32124578952789307,-0.3235833942890167,-0.0020808130502700806,0.03411126136779785
0.0,0.17383801937103271,0.3713587522506714,-0.05181392282247543,-0.02611561119556427,0.16113299131393433,-0.045938730239868164,0.007517576217651367,-0.08545848727226257,-0.03217586129903793,-0.1786993145942688,-0.2983916401863098,-0.10811661928892136,0.21664991974830627,0.21928371489048004,0.07979531586170197,0.3490605652332306,0.3003467321395874,-0.30609190464019775,-0.04067672789096832,-0.034110985696315765
0.0,0.21280831098556519,0.31892624497413635,-0.047551050782203674,-0.05982409417629242,0.17492826282978058,-0.06379890441894531,-0.029618695378303528,-0.06082300841808319,0.008877262473106384,-0.1479327529668808,-0.2637612819671631,-0.0792970061302185,0.2484513521194458,0.18271328508853912,0.03462061285972595,0.31168538331985474,0.2805851995944977,-0.293016642332077,-0.02961471676826477,0.011566651985049248
0.0,0.20108576118946075,0.3656424582004547,-0.07579253613948822,-0.004005268216133118,0.190123051404953,-0.02045232057571411,-0.0008731633424758911,-0.07445283234119415,-0.033468835055828094,-0.14387105405330658,-0.3125803768634796,-0.10106206685304642,0.22927358746528625,0.19925247132778168,0.05484277009963989,0.34056228399276733,0.32107219099998474,-0.31629544496536255,-0.03030562400817871,-0.01791744865477085
1.0,0.2711089551448822,0.28382745385169983,-0.09612379223108292,-0.008603259921073914,0.14105981588363647,-0.046550363302230835,0.03545022010803223,-0.019168183207511902,0.013406150043010712,-0.1711769700050354,-0.25727811455726624,-0.07852045446634293,0.1959664225578308,0.19175328314304352,0.01255902647972107,0.2821560800075531,0.2588679790496826,-0.29092901945114136,-0.012277185916900635,0.03760254383087158
0.0,0.20506978034973145,0.3458579182624817,-0.09908296167850494,0.008079692721366882,0.19731742143630981,-0.014670506119728088,0.010620683431625366,-0.0699167251586914,-0.0299505814909935,-0.13431942462921143,-0.3167043924331665,-0.07636672258377075,0.21334931254386902,0.19643348455429077,0.054226428270339966,0.3359419107437134,0.3212986886501312,-0.30815088748931885,-0.03798238933086395,-0.004852252081036568
2.0,0.29689523577690125,0.27219927310943604,-0.07991454005241394,0.006667330861091614,0.2655823826789856,0.007430776953697205,-0.01850251853466034,-0.07497762143611908,0.013251036405563354,-0.07532063871622086,-0.3228858709335327,-0.058284156024456024,0.25554370880126953,0.15246416628360748,0.030311062932014465,0.29797014594078064,0.2975005507469177,-0.32196149230003357,0.0015248507261276245,0.05165529251098633
1.0,0.2508752942085266,0.3181101083755493,-0.08076447993516922,0.008070558309555054,0.1503133773803711,-0.03647850453853607,0.025745108723640442,-0.04883719980716705,0.004194386303424835,-0.16604331135749817,-0.2717060148715973,-0.1088402047753334,0.2072361409664154,0.20106662809848785,0.03436751663684845,0.28885021805763245,0.2677502930164337,-0.3114457130432129,-0.020358756184577942,0.015635980293154716
2.0,0.2719740867614746,0.3002293109893799,-0.09056612849235535,0.0056618452072143555,0.25280681252479553,0.012250065803527832,-0.018376827239990234,-0.07940724492073059,3.755837678909302e-05,-0.08776701986789703,-0.3216296136379242,-0.07500404119491577,0.2469131052494049,0.172809898853302,0.024885892868041992,0.3135329484939575,0.32128211855888367,-0.32814401388168335,-0.0049320608377456665,0.031095100566744804
1.0,0.25955140590667725,0.280619740486145,-0.08211172372102737,-0.004095137119293213,0.1031169667840004,-0.07285819947719574,0.0642709732055664,-0.014385461807250977,0.017388686537742615,-0.20290927588939667,-0.2403935194015503,-0.08019448071718216,0.17474356293678284,0.19859199225902557,0.03785210847854614,0.26784393191337585,0.2205856740474701,-0.2765222191810608,-0.027002498507499695,0.032991260290145874
1.0,0.25540101528167725,0.28824687004089355,-0.10209581255912781,-0.002280488610267639,0.17038054764270782,-0.02328994870185852,0.07657362520694733,-0.01472964882850647,-0.007193036377429962,-0.16780155897140503,-0.27968302369117737,-0.0647655799984932,0.18334010243415833,0.20411457121372223,0.018334731459617615,0.3090704381465912,0.29421305656433105,-0.2839091420173645,-0.03592102229595184,0.024352921172976494
1.0,0.26734864711761475,0.2698233425617218,-0.09093780070543289,-0.010243654251098633,0.1109035536646843,-0.06827278435230255,0.06592896580696106,-0.005347400903701782,0.017501167953014374,-0.19794431328773499,-0.24142475426197052,-0.06808603554964066,0.1735745668411255,0.19564543664455414,0.02598273754119873,0.2715531289577484,0.22920578718185425,-0.27186232805252075,-0.023296549916267395,0.039881959557533264
1.0,0.27495265007019043,0.285499632358551,-0.1065654382109642,-0.008643344044685364,0.16601701080799103,-0.02920536696910858,0.02411387860774994,-0.021044045686721802,0.006598040461540222,-0.1527862548828125,-0.27097421884536743,-0.06973972171545029,0.2039566934108734,0.18731527030467987,0.003816068172454834,0.29638659954071045,0.28365224599838257,-0.2966088056564331,-0.003698974847793579,0.03838856518268585
2.0,0.25043877959251404,0.3321765661239624,-0.0912531390786171,0.019843675196170807,0.2454896867275238,0.0008016973733901978,-0.04501783847808838,-0.07035443186759949,-0.03215614706277847,-0.09090583771467209,-0.3559284508228302,-0.04363694041967392,0.25430387258529663,0.1468508541584015,0.07542285323143005,0.3547914922237396,0.3110256791114807,-0.3220961391925812,0.024673283100128174,0.02201209031045437
1.0,0.27044427394866943,0.26327717304229736,-0.11765751987695694,-0.0007208883762359619,0.17092476785182953,-0.027516424655914307,0.08944082260131836,0.011227443814277649,0.0017635449767112732,-0.15768302977085114,-0.26989632844924927,-0.04126077890396118,0.17975595593452454,0.18777808547019958,-0.0021802186965942383,0.29000332951545715,0.2884758710861206,-0.26840823888778687,-0.04493851959705353,0.04561556875705719
0.0,0.17533095180988312,0.3581092357635498,-0.06684402376413345,-0.044230297207832336,0.06729915738105774,-0.09459586441516876,0.014835745096206665,-0.07445292174816132,-0.0067345574498176575,-0.23035423457622528,-0.23827417194843292,-0.13712671399116516,0.18069741129875183,0.23932935297489166,0.04933248460292816,0.29450854659080505,0.2502862215042114,-0.2909572124481201,-0.04942842572927475,-0.028138430789113045
2.0,0.279914915561676,0.2968851923942566,-0.10877357423305511,0.014913588762283325,0.23174674808979034,-0.0003439188003540039,-0.038531914353370667,-0.06770248711109161,0.0010449066758155823,-0.0890498086810112,-0.32191726565361023,-0.059902749955654144,0.24311912059783936,0.15722224116325378,0.028815507888793945,0.3081844747066498,0.300860196352005,-0.32404324412345886,0.01453600823879242,0.04482343792915344
2.0,0.2586802542209625,0.32933107018470764,-0.09755275398492813,0.024250157177448273,0.30295321345329285,0.04454532265663147,-0.04155875742435455,-0.07839607447385788,-0.025365404784679413,-0.05724216252565384,-0.3687576949596405,-0.05778879672288895,0.27191978693008423,0.16204224526882172,0.043742820620536804,0.3645504117012024,0.3631579875946045,-0.34315913915634155,0.008432760834693909,0.025113364681601524
1.0,0.23319274187088013,0.30826234817504883,-0.06754413992166519,0.0030399709939956665,0.09795894473791122,-0.06884562969207764,0.0769382119178772,-0.03587810695171356,0.003677181899547577,-0.22143350541591644,-0.25128471851348877,-0.10239539295434952,0.16606873273849487,0.22239790856838226,0.06646499037742615,0.2873976528644562,0.22615742683410645,-0.28573352098464966,-0.03651706874370575,0.006358770653605461
1.0,0.2526353597640991,0.2802770137786865,-0.13072964549064636,0.006219580769538879,0.17807385325431824,-0.009439736604690552,0.10648302733898163,0.006653591990470886,-0.016338080167770386,-0.16549590229988098,-0.286672443151474,-0.04473457485437393,0.1646772027015686,0.20972584187984467,0.0031048357486724854,0.3178873360157013,0.31762659549713135,-0.27282196283340454,-0.05161915719509125,0.02874327264726162
0.0,0.17351128160953522,0.3747731149196625,-0.05591995269060135,-0.019487038254737854,0.1766389012336731,-0.034417301416397095,0.002790018916130066,-0.09018290042877197,-0.03751068934798241,-0.16971953213214874,-0.31151390075683594,-0.10297553986310959,0.2193058431148529,0.21880583465099335,0.08583903312683105,0.36153605580329895,0.31129342317581177,-0.31152787804603577,-0.03526762127876282,-0.035175174474716187
2.0,0.26110297441482544,0.31236010789871216,-0.11401812732219696,0.02656446397304535,0.20492428541183472,-0.010657072067260742,-0.027578875422477722,-0.07596032321453094,-0.01623120903968811,-0.11287523806095123,-0.3317440450191498,-0.056538186967372894,0.2190043032169342,0.1655646115541458,0.061943069100379944,0.3209773898124695,0.2866939604282379,-0.3186735212802887,0.018321141600608826,0.029145417734980583
0.0,0.2141963541507721,0.3654835820198059,-0.09135585278272629,0.005872949957847595,0.21015426516532898,-0.0012017786502838135,-0.016045883297920227,-0.07753990590572357,-0.036575958132743835,-0.12590011954307556,-0.32717788219451904,-0.09742241352796555,0.23502466082572937,0.19501711428165436,0.04691693186759949,0.3493083417415619,0.33824485540390015,-0.3277830481529236,-0.01380719244480133,-0.012212226167321205
1.0,0.283477783203125,0.26660946011543274,-0.09948984533548355,-0.008200213313102722,0.13159562647342682,-0.05927233397960663,0.03590779006481171,-0.004198282957077026,0.024361886084079742,-0.16715964674949646,-0.2446116805076599,-0.06599616259336472,0.19697588682174683,0.1754176914691925,0.004046052694320679,0.2604162096977234,0.23958003520965576,-0.28058451414108276,-0.013982445001602173,0.0539061576128006
