0.0,0.2546487152576446,0.2961086332798004,-0.1261172145605087,-0.013709470629692,0.1024834513664245,-0.0685287564992904,-0.0139025896787643,-0.0557167828083038,0.0191430374979972,-0.1657374799251556,-0.2412774264812469,-0.0940007492899894,0.1864966750144958,0.1894486099481582,-0.0017927289009094,0.2472221553325653,0.2472513616085052,-0.2953037023544311,-0.0125438421964645,0.0327005386352539
2.0,0.2469110488891601,0.3551611304283142,-0.0936684012413024,0.0350354835391044,0.2710954844951629,0.039229542016983,-0.0377094745635986,-0.1031399965286254,-0.0508838407695293,-0.095670685172081,-0.3917774856090545,-0.0728448554873466,0.2451114356517791,0.182563379406929,0.0918156653642654,0.393462210893631,0.3458401262760162,-0.3504677414894104,0.0366234332323074,-0.0016664955765008
1.0,0.3210992813110351,0.2652661204338074,-0.1190893277525901,-0.062909111380577,0.0465675964951515,-0.1057091057300567,-0.1260590106248855,-0.033055230975151,0.0607536807656288,-0.1968754082918167,-0.1992678344249725,-0.09481892734766,0.2130943238735199,0.1758301258087158,-0.0224992036819458,0.2556743919849396,0.1878383159637451,-0.3130472898483276,0.1141438335180282,0.0747690349817276
0.0,0.2067237943410873,0.3558388352394104,-0.1008892059326171,0.0105094909667968,0.2104711681604385,0.0012581348419189,0.0042195469141006,-0.0796105861663818,-0.0376747474074363,-0.1313127875328064,-0.329395592212677,-0.0850176736712455,0.2159148752689361,0.2049670666456222,0.0551793575286865,0.3530230224132538,0.3391622900962829,-0.3203327357769012,-0.0259827673435211,-0.012713873758912
1.0,0.2571031451225281,0.2851859331130981,-0.1038606315851211,-0.0064513236284255,0.1681313216686248,-0.0244514793157577,0.0744594782590866,-0.0127421468496322,-0.0058411955833435,-0.1703629940748214,-0.2776720225811004,-0.0626965835690498,0.1818981170654297,0.2056294232606887,0.0158425867557525,0.3111548125743866,0.2939825654029846,-0.2829110324382782,-0.0321257710456848,0.0260776709765195
0.0,0.2365583479404449,0.3396719694137573,-0.1013416200876236,-0.0265102535486221,0.1776009202003479,-0.0248425602912902,-0.0745231658220291,-0.0816791355609893,-0.0105535835027694,-0.1408886909484863,-0.3019019663333893,-0.0905010625720024,0.2340148091316223,0.1965446919202804,0.0341183394193649,0.346396654844284,0.3085282444953918,-0.3304700255393982,0.036644771695137,0.0095493029803037
2.0,0.2557132244110107,0.3100368082523346,-0.0928080379962921,0.0057933628559112,0.1913799047470092,-0.0154859274625778,0.0015578716993331,-0.08163882791996,-0.0001079365611076,-0.1335399746894836,-0.3011166155338287,-0.097833476960659,0.2146865129470825,0.1960835456848144,0.0352827012538909,0.2984858751296997,0.2900744676589966,-0.3202960193157196,-0.0146892368793487,0.0181620400398969
0.0,0.2046901285648346,0.3505578339099884,-0.1142845079302787,0.0193454623222351,0.1729185879230499,-0.0153722316026687,0.0268158614635467,-0.0763361901044845,-0.0306890755891799,-0.1468865871429443,-0.3072110712528229,-0.0963030233979225,0.1923759877681732,0.2103248089551925,0.0441405326128006,0.3168621957302093,0.3184348940849304,-0.3107751011848449,-0.0473021119832992,-0.0118651632219553
1.0,0.2817084789276123,0.2634881436824798,-0.1089725568890571,-0.004322662949562,0.1585054695606231,-0.0413350462913513,0.0559682250022888,0.0037122666835784,0.0132283791899681,-0.1535329818725586,-0.2597332000732422,-0.0504363849759101,0.1949704885482788,0.1738259941339492,-0.0023616552352905,0.273139089345932,0.2660911977291107,-0.2753976583480835,-0.0261901468038558,0.0529314875602722
1.0,0.2276038974523544,0.3115172088146209,-0.0812173634767532,0.0100081861019134,0.1514162123203277,-0.0306514948606491,0.1030019670724868,-0.0327000468969345,-0.0162228345870971,-0.1944972723722458,-0.2816339433193207,-0.087619163095951,0.1683786213397979,0.225923553109169,0.0545394420623779,0.3141910433769226,0.280986487865448,-0.2864640355110168,-0.0558999329805374,-0.0006803590804338
0.0,0.1824458837509155,0.3608721792697906,-0.0719480961561203,-0.0068289339542388,0.1630916148424148,-0.0413504242897033,0.0212724655866622,-0.0756938606500625,-0.0312400236725807,-0.1662633419036865,-0.2997410595417022,-0.0956589803099632,0.2077471315860748,0.2083432823419571,0.0717273652553558,0.3315707147121429,0.2987483739852905,-0.3005411624908447,-0.0507996976375579,-0.0230976734310388
2.0,0.2834861874580383,0.3130577504634857,-0.0743052288889885,0.0143496245145797,0.3141340911388397,0.0417841672897338,-0.0213836729526519,-0.0688966512680053,-0.016643188893795,-0.0455729365348815,-0.3532942831516266,-0.0668650642037391,0.2878310680389404,0.1436250656843185,0.0200605690479278,0.3315081298351288,0.3571546375751495,-0.3365768492221832,-0.0030938535928726,0.0308973547071218
0.0,0.2092309594154358,0.3619143664836883,-0.0970971882343292,0.0030848681926727,0.2104663252830505,-0.0007119476795196,-0.0201787501573562,-0.0849819481372833,-0.0364979989826679,-0.1280096769332885,-0.3296053111553192,-0.0903694853186607,0.2276621162891388,0.2010058015584945,0.0530840307474136,0.3569312989711761,0.339431881904602,-0.3270916938781738,-0.0109825879335403,-0.012867035344243
0.0,0.1965446174144745,0.363894909620285,-0.0883807241916656,-0.0183685570955276,0.1518982648849487,-0.0354579836130142,-0.023700326681137,-0.0925474911928176,-0.0274190381169319,-0.1724017560482025,-0.2990171313285827,-0.1091195419430732,0.2064231932163238,0.2216162532567978,0.0602726489305496,0.3457130491733551,0.3049139380455017,-0.3199270069599151,-0.0060175508260726,-0.0225107092410326
2.0,0.2865447103977203,0.2923782467842102,-0.0901717841625213,-0.0080221742391586,0.2421986758708953,-0.0054907798767089,-0.0651454627513885,-0.0737978368997573,0.0044536888599395,-0.0852988734841346,-0.3216071724891662,-0.0543513372540473,0.2611874639987945,0.1488437205553054,0.0325168520212173,0.3199187219142914,0.298158198595047,-0.3257172107696533,0.0365964919328689,0.0462884753942489
2.0,0.2494657635688781,0.3044873476028442,-0.0735771209001541,0.0080693215131759,0.2382044345140457,0.0014472603797912,0.0023593753576278,-0.1048885583877563,-0.0117510706186294,-0.1188816949725151,-0.3368557393550873,-0.0705101415514946,0.2203415036201477,0.1929610967636108,0.0809773653745651,0.3362676203250885,0.2979580760002136,-0.3219479322433471,-0.0061818212270736,0.0120894070714712
2.0,0.2471207976341247,0.3248554468154907,-0.1004284620285034,0.0260409340262413,0.2211675345897674,0.010814219713211,-0.0003210306167602,-0.1001426130533218,-0.0206750929355621,-0.1234082654118537,-0.3389162719249725,-0.088054172694683,0.2105447053909301,0.2026401311159134,0.065854787826538,0.3359837532043457,0.3123106658458709,-0.3327668309211731,-0.0019918382167816,0.0063602458685636
0.0,0.21359483897686,0.3547466397285461,-0.0921304672956466,0.0206039547920227,0.2499989122152328,0.0192356407642364,0.0108920186758041,-0.0805246829986572,-0.0414902307093143,-0.1026980653405189,-0.3465326428413391,-0.0794135779142379,0.2347590625286102,0.1897386610507965,0.0545898526906967,0.35292848944664,0.3552713990211487,-0.3239034414291382,-0.0367846190929412,-0.009803282096982
1.0,0.2387654334306717,0.3124710917472839,-0.0831840932369232,0.0175168290734291,0.1636470556259155,-0.0278756469488143,0.0784772187471389,-0.0343312472105026,-0.0088553354144096,-0.1690935492515564,-0.2819546461105346,-0.0907248184084892,0.1896357238292694,0.2059405595064163,0.0421942472457885,0.2966801226139068,0.2806543111801147,-0.2944396734237671,-0.0526672527194023,0.0099927317351102
0.0,0.1932070553302765,0.356330394744873,-0.1027131378650665,0.0253886133432388,0.2030239999294281,0.0062967985868453,0.05645152926445,-0.0869728922843933,-0.0382785983383655,-0.1432871520519256,-0.3231940865516662,-0.1040963754057884,0.1907721161842346,0.2280648499727249,0.0536459386348724,0.3335680067539215,0.3425225019454956,-0.3159826695919037,-0.0702470317482948,-0.0249965358525514
1.0,0.2425362765789032,0.3037372827529907,-0.084339439868927,0.0007759183645248,0.1413255631923675,-0.0393780022859573,0.0736365914344787,-0.0313654839992523,-0.0043657720088958,-0.1914869546890258,-0.2704281508922577,-0.0891903713345527,0.1775452047586441,0.2171315997838974,0.0417457222938537,0.3036727011203766,0.2691385149955749,-0.2902939915657043,-0.0353837460279464,0.0111921112984418
0.0,0.2074929773807525,0.3491527438163757,-0.1025483161211013,0.0186466053128242,0.2079333811998367,0.0073090195655822,0.0401452034711837,-0.0843569487333297,-0.0334429666399955,-0.1367229372262954,-0.3212351202964782,-0.100879929959774,0.199869304895401,0.2201916128396988,0.0450715720653533,0.3332323729991913,0.3417700529098511,-0.3190743625164032,-0.0531572699546813,-0.0172020364552736
2.0,0.2918964028358459,0.2849782705307007,-0.0914033278822898,0.0074662119150161,0.2690971195697784,0.0125259160995483,-0.0273334830999374,-0.0698911249637603,0.0017793253064155,-0.0666002556681633,-0.3278328478336334,-0.0541639700531959,0.259999006986618,0.1450096666812896,0.0207898318767547,0.3045746982097626,0.3151094317436218,-0.3224175572395324,0.0056336820125579,0.0466706380248069
2.0,0.3176539540290832,0.2568934559822082,-0.0823970958590507,0.0346298217773437,0.2827866971492767,0.0203237533569335,0.0250583440065383,-0.0746551975607872,0.0045761168003082,-0.061952531337738,-0.3395936489105224,-0.0494538620114326,0.2433384358882904,0.1376174390316009,0.038463294506073,0.2774123847484588,0.2910864353179931,-0.3150476217269897,-0.01225246489048,0.0552762523293495
0.0,0.1844676882028579,0.3558053374290466,-0.0817167311906814,-0.002609446644783,0.1868917346000671,-0.0280170142650604,0.0115389972925186,-0.0798893719911575,-0.0343232527375221,-0.1493549942970276,-0.3150176405906677,-0.0784377828240394,0.2111569344997406,0.2033218592405319,0.0756181180477142,0.3454971313476562,0.3123005926609039,-0.3032128810882568,-0.0440355390310287,-0.0179924238473176
1.0,0.2413127571344375,0.2954041361808777,-0.1052666530013084,-0.0021771043539047,0.1749670803546905,-0.0124201327562332,0.0994946509599685,-0.0167860835790634,-0.0185120180249214,-0.1796172559261322,-0.2885538041591644,-0.0662435665726661,0.1687702536582946,0.2245933562517166,0.0245731621980667,0.3301242291927337,0.3126609325408935,-0.2831082344055176,-0.0458603203296661,0.0111604165285825
0.0,0.180956169962883,0.3619693517684936,-0.0509811639785766,-0.029078260064125,0.1574086993932724,-0.0537013411521911,0.0074502378702163,-0.0759282857179641,-0.025588147342205,-0.1751388758420944,-0.2901802062988281,-0.1026303991675376,0.2206456363201141,0.2088093310594558,0.0716022998094558,0.335479587316513,0.290969967842102,-0.2997263669967651,-0.0436430424451828,-0.0250040311366319
0.0,0.199928879737854,0.3650841414928436,-0.1090555861592292,-0.0138928741216659,0.1244764626026153,-0.0371878147125244,-0.019660010933876,-0.0969922989606857,-0.0258559510111808,-0.186688095331192,-0.2872136235237121,-0.1249010786414146,0.1854198276996612,0.2364253252744674,0.0455294847488403,0.3321925699710846,0.3029254674911499,-0.3234272003173828,-0.00316022336483,-0.0257490146905183
1.0,0.2507418990135193,0.2984948754310608,-0.0917756408452987,0.0115468278527259,0.1661404967308044,-0.0292523950338363,0.0723049193620681,-0.0227809399366378,-0.003153309226036,-0.1620151698589325,-0.2773141264915466,-0.0779348537325859,0.1922735273838043,0.1965242773294448,0.0278889238834381,0.2915510833263397,0.2802737653255462,-0.2892380654811859,-0.0463398844003677,0.0226220469921827
0.0,0.1722627878189087,0.3653922975063324,-0.0764647126197815,-0.002959981560707,0.182167038321495,-0.0284557938575744,0.0202335119247436,-0.086537942290306,-0.0401576124131679,-0.1596052199602127,-0.3172875046730041,-0.0858222767710685,0.2050402462482452,0.2142114788293838,0.0853563845157623,0.3531796634197235,0.3147042989730835,-0.3038275241851806,-0.0503976196050643,-0.0291673932224512
1.0,0.2418497949838638,0.295398473739624,-0.0829919129610061,-0.0090855360031127,0.1183016598224639,-0.052970752120018,0.0824303179979324,-0.0252722650766372,-0.0021037682890892,-0.214462861418724,-0.2595178782939911,-0.0842524021863937,0.1620490252971649,0.2256217151880264,0.0480339378118515,0.3063667714595794,0.2533755302429199,-0.2812407910823822,-0.0290528386831283,0.0110335480421781
0.0,0.204007014632225,0.3775448501110077,-0.0867421478033065,0.0073587223887443,0.2081345915794372,0.0027259290218353,-0.005183920264244,-0.0839326530694961,-0.0435241758823394,-0.1344653666019439,-0.3301641345024109,-0.1098464205861091,0.2302117645740509,0.2072807699441909,0.0519584119319915,0.35635507106781,0.3459053039550781,-0.3312093019485473,-0.020841360092163,-0.024848373606801
2.0,0.2640630006790161,0.3172483742237091,-0.0921265333890914,0.023806869983673,0.2858687341213226,0.0313841998577117,-0.0321432501077652,-0.0821352899074554,-0.0199775844812393,-0.070306159555912,-0.361685037612915,-0.0556833520531654,0.2596902549266815,0.1623655706644058,0.0555294156074523,0.3526443243026733,0.3381466269493103,-0.3362411260604858,0.0099077373743057,0.0278181415051221
0.0,0.2503820061683655,0.3537601232528686,-0.0955972746014595,0.0176222547888755,0.2599870860576629,0.0251808166503906,-0.0414204448461532,-0.0684742480516433,-0.0348761454224586,-0.0812603160738945,-0.3500618040561676,-0.0815718844532966,0.267890065908432,0.1632332503795623,0.0323846340179443,0.3528896272182464,0.3552913069725036,-0.3403528332710266,0.0117725580930709,0.0097252856940031
1.0,0.2491159290075302,0.2925283908843994,-0.0745740532875061,-0.0010535567998886,0.0970600619912147,-0.0741361379623413,0.0661003291606903,-0.0241392403841018,0.0136182829737663,-0.2118059545755386,-0.2422943115234375,-0.0912951603531837,0.1720216572284698,0.2075592130422592,0.0507510155439376,0.2731428146362304,0.2183694839477539,-0.2810595035552978,-0.0291606038808822,0.0224911700934171
0.0,0.233920931816101,0.3638375997543335,-0.0965053439140319,0.0050122290849685,0.2086618244647979,0.0020170807838439,-0.0297479331493377,-0.0710598975419998,-0.0320509597659111,-0.1183195859193801,-0.3212718069553375,-0.1072476133704185,0.2450239062309265,0.1866122037172317,0.0246338248252868,0.3374346792697906,0.3403934836387634,-0.3347591161727905,0.0008457005023956,-0.0048933271318674
2.0,0.2731862664222717,0.2706212699413299,-0.097551554441452,0.0002698004245758,0.162085086107254,-0.0544191747903823,-0.0223465710878372,-0.0718417167663574,0.017688550055027,-0.1380928605794906,-0.288026750087738,-0.0497130081057548,0.2052778601646423,0.1630631536245346,0.0600926727056503,0.2782586514949798,0.2277756631374359,-0.2962669730186462,0.0113717466592788,0.0491802245378494
1.0,0.2569437026977539,0.2921367287635803,-0.0807882770895958,0.005712017416954,0.1224409788846969,-0.0603876709938049,0.0573221296072006,-0.0236784070730209,0.0139305964112281,-0.1850518733263015,-0.2512393593788147,-0.0889803990721702,0.1877346634864807,0.1944307833909988,0.0361140966415405,0.2673132717609405,0.2347643673419952,-0.2865332365036011,-0.0335275381803512,0.0293373893946409
1.0,0.2504238784313202,0.3029142022132873,-0.0946700423955917,0.0015019327402114,0.1680567264556884,-0.0230579227209091,0.0602402687072753,-0.0300478339195251,-0.0071653500199317,-0.1671788543462753,-0.2815878391265869,-0.0819110870361328,0.1910783350467682,0.2072002440690994,0.0258541256189346,0.3090222477912903,0.2922451496124267,-0.2957815825939178,-0.0307143181562423,0.0168654900044202
1.0,0.2416460812091827,0.2890774309635162,-0.0874430835247039,-0.002594456076622,0.1314047574996948,-0.0472757220268249,0.1003503948450088,-0.0153965204954147,-0.0048515051603317,-0.2046661376953125,-0.2642908692359924,-0.071824200451374,0.1608966737985611,0.2190053313970565,0.0445427894592285,0.303534060716629,0.2606763839721679,-0.2736989259719848,-0.0443855375051498,0.01514826528728
0.0,0.1860354393720626,0.3600940108299255,-0.0841006487607956,0.0026531964540481,0.1708445250988006,-0.0316453874111175,0.0228442698717117,-0.0766747146844863,-0.0343486741185188,-0.1581001579761505,-0.3068723082542419,-0.0920173749327659,0.2042431831359863,0.2074250429868698,0.0683927536010742,0.3323476612567901,0.3073600530624389,-0.3033345341682434,-0.0500074848532676,-0.0212436262518167
0.0,0.1916598230600357,0.3873853981494903,-0.0831689983606338,0.0138873606920242,0.1816929876804351,-0.0046530663967132,0.0487715303897857,-0.0764161050319671,-0.0490528121590614,-0.1555119007825851,-0.3134592175483703,-0.1376577913761139,0.2102485001087188,0.2224020510911941,0.0378990024328231,0.3279568254947662,0.3447583615779876,-0.3209533393383026,-0.0640440732240676,-0.040987990796566
2.0,0.2579942047595978,0.3102781176567077,-0.0993279218673706,0.0120367929339408,0.2319568991661071,0.003761202096939,-0.0102651864290237,-0.0765558928251266,-0.0104252770543098,-0.1024187132716178,-0.3225450217723846,-0.070132777094841,0.231142908334732,0.1763668060302734,0.0377170145511627,0.3187594413757324,0.3152459859848022,-0.3214896023273468,-0.006492480635643,0.0229818504303693
2.0,0.2834128737449646,0.2881934642791748,-0.0923748910427093,0.0245753079652786,0.2927838563919067,0.0319212079048156,0.007669374346733,-0.0729527249932289,-0.0062479153275489,-0.0576356276869773,-0.3412745594978332,-0.0559183359146118,0.2533724009990692,0.1534990519285202,0.024577260017395,0.3073020875453949,0.334934651851654,-0.3229324519634247,-0.0229919254779815,0.0389271900057792
0.0,0.2255667150020599,0.3351882398128509,-0.1136584430932998,0.0196476578712463,0.1977906823158264,-0.0095227062702178,0.0157464295625686,-0.0620238482952117,-0.0224706158041954,-0.1196280270814895,-0.3088606894016266,-0.0811338052153587,0.2140555679798126,0.1852190494537353,0.028051808476448,0.3066622912883758,0.3211753964424133,-0.3094178140163421,-0.0426938831806182,0.0072668101638555
1.0,0.2566013932228088,0.2936588525772095,-0.0912475064396858,-0.0014525949954986,0.1463160365819931,-0.0402863770723342,0.0574810802936553,-0.023963913321495,0.0033580362796783,-0.177053153514862,-0.2662167549133301,-0.0817259475588798,0.1879930794239044,0.2022572010755539,0.0261592864990234,0.2924492955207824,0.2673228979110718,-0.2899928092956543,-0.0275480449199676,0.0249408464878797
1.0,0.2530751824378967,0.2855961918830871,-0.0879620090126991,0.0002408474683761,0.1309128701686859,-0.0519421994686126,0.0804215967655181,-0.0150869190692901,0.0047310218214988,-0.1912777125835418,-0.2583015263080597,-0.0746557489037513,0.1743296682834625,0.2038084417581558,0.0350645184516906,0.2851373851299286,0.2508163452148437,-0.2776609659194946,-0.0387502014636993,0.0258697252720594
0.0,0.2205659747123718,0.3761295080184936,-0.0768811404705047,0.0011741071939468,0.2210451662540435,0.0058390796184539,-0.0078162103891372,-0.0771812051534652,-0.0461261197924613,-0.1218101233243942,-0.3330610692501068,-0.1134004518389701,0.2477813065052032,0.1906339079141616,0.0375059247016906,0.3485848605632782,0.3506781160831451,-0.3314046859741211,-0.0151546150445938,-0.0218542907387018
2.0,0.2336401641368866,0.3545957207679748,-0.0935214310884475,0.0226313397288322,0.272153228521347,0.0384134352207183,-0.0187734216451644,-0.09015454351902,-0.0369743481278419,-0.0878711119294166,-0.3578390181064605,-0.0874277874827385,0.2509112060070038,0.189943328499794,0.0485786795616149,0.3658244013786316,0.3676192760467529,-0.3446817994117737,-0.0069339275360107,-0.0035076979547739
2.0,0.3075376749038696,0.2962188720703125,-0.1095958054065704,0.0446672812104225,0.2844211459159851,0.0297975838184356,-0.0425694584846496,-0.0641599744558334,-0.0183202400803565,-0.0516655221581459,-0.3721924424171448,-0.036449484527111,0.2644401788711548,0.1243751943111419,0.0489086359739303,0.3286352455615997,0.3130429983139038,-0.3328211307525635,0.0387402325868606,0.0553400814533233
1.0,0.2898406684398651,0.2516061663627624,-0.1280800402164459,-0.014321893453598,0.159448817372322,-0.033873438835144,0.0579911470413208,0.0155120342969894,0.0139648988842964,-0.1564246863126754,-0.2573180794715881,-0.0409982725977897,0.1855017095804214,0.182142749428749,-0.0231921970844268,0.2826224267482757,0.2815445065498352,-0.2722565531730652,-0.0182089358568191,0.0596408694982528
2.0,0.2326645404100418,0.3376418650150299,-0.0943321138620376,0.0133893266320228,0.2533811330795288,0.0191500484943389,-0.0164548009634017,-0.0833320915699005,-0.0257474109530448,-0.0982434302568435,-0.3433950841426849,-0.0750828459858894,0.2418597936630249,0.1879010945558548,0.0501516759395599,0.3536102473735809,0.3450452089309692,-0.331136018037796,-0.0125613063573837,0.006741551682353
2.0,0.2792925536632538,0.2818970680236816,-0.0882102251052856,0.0052880495786666,0.2290679812431335,-0.0015250146389007,0.0003405660390853,-0.0913491398096084,0.0072792097926139,-0.107781209051609,-0.312173068523407,-0.0770353376865387,0.2224783897399902,0.1816400587558746,0.0375322699546813,0.2957545816898346,0.2916843295097351,-0.3203725218772888,-0.0062764137983322,0.0319730937480926
2.0,0.2435666173696518,0.3205236792564392,-0.1091075390577316,0.0313600078225135,0.2599698603153229,0.0226590931415557,-0.009065642952919,-0.0817427635192871,-0.0228239670395851,-0.0872624143958091,-0.3524278402328491,-0.0555927008390426,0.232329785823822,0.1774872839450836,0.0579860508441925,0.344454824924469,0.3342714309692383,-0.3263602256774902,-0.0136875957250595,0.0206688027828931
2.0,0.2280605584383011,0.3364535570144653,-0.0947317779064178,0.0076177790760993,0.2426449358463287,0.0180751979351043,-0.0246450155973434,-0.1033896803855896,-0.0238120928406715,-0.1163380593061447,-0.3463693261146545,-0.081338956952095,0.2271936237812042,0.2094823867082595,0.0669147074222564,0.3687228560447693,0.3381344676017761,-0.3377612829208374,0.0015398114919662,0.0006219502538442
2.0,0.3021717369556427,0.292589396238327,-0.1001073718070983,0.026797741651535,0.2657277286052704,0.0254893004894256,-0.029086485505104,-0.081857219338417,-0.0051954239606857,-0.0745515748858451,-0.3463947772979736,-0.0674829557538032,0.2496492564678192,0.1567479819059372,0.0352910459041595,0.3162414133548736,0.3127535879611969,-0.3376043438911438,0.0260577350854873,0.0432111173868179
1.0,0.2512913346290588,0.279459536075592,-0.1119778007268905,-0.0011952519416809,0.1706794500350952,-0.0195329934358596,0.1050915867090225,-0.0012411624193191,-0.0107124745845794,-0.1749188005924224,-0.2795668542385101,-0.0528286918997764,0.1674706041812896,0.2123640328645706,0.0142272412776947,0.3141302168369293,0.3021417558193207,-0.273073673248291,-0.0505047440528869,0.025324372574687
1.0,0.2491940557956695,0.2950998544692993,-0.0895617604255676,0.0083037838339805,0.1534972637891769,-0.036883533000946,0.0792780518531799,-0.0205424576997756,-0.0018635541200637,-0.1743486374616623,-0.2715286016464233,-0.0770835280418396,0.1839061379432678,0.2011851817369461,0.0329018831253051,0.2909746468067169,0.270473837852478,-0.2845483124256134,-0.045971468091011,0.0217338185757398
0.0,0.205581322312355,0.3824958801269531,-0.0900584012269973,0.0168877616524696,0.2471480369567871,0.0270605981349945,-0.0129580050706863,-0.0898020565509796,-0.0538709536194801,-0.1111333668231964,-0.3569743931293487,-0.098167784512043,0.2423548102378845,0.2016995400190353,0.0593780130147933,0.3802292943000793,0.3714210391044616,-0.3404259383678436,-0.0135243088006973,-0.0254163835197687
1.0,0.2194055318832397,0.3075578808784485,-0.075113944709301,-0.0020006746053695,0.1126201078295707,-0.0530916303396225,0.1133932620286941,-0.0290079563856124,-0.0148904845118522,-0.2325056493282318,-0.2658656239509582,-0.0856664106249809,0.1453982293605804,0.2413216382265091,0.0723585486412048,0.3205897510051727,0.2549408376216888,-0.2757715582847595,-0.0467771217226982,-0.0066063422709703
1.0,0.2539308667182922,0.2986077964305877,-0.0925526618957519,0.0093721896409988,0.1652025878429412,-0.0298305600881576,0.0625921785831451,-0.0247820168733596,-0.0012986063957214,-0.1603809595108032,-0.2761832475662231,-0.0796263590455055,0.1954537183046341,0.1949687153100967,0.0253237932920455,0.2909327447414398,0.2794514000415802,-0.2919982075691223,-0.0395405143499374,0.0241566281765699
0.0,0.1977686882019043,0.3657710254192352,-0.0883572995662689,0.0141266137361526,0.2079218924045562,-0.0051016956567764,0.0160418450832366,-0.0758484750986099,-0.0416871719062328,-0.1315345913171768,-0.3277701735496521,-0.0912164971232414,0.2219115495681762,0.1986479610204696,0.0597015619277954,0.3444965779781341,0.3349252939224243,-0.3160028457641601,-0.0426947772502899,-0.0188520494848489
2.0,0.2262182533740997,0.3316214680671692,-0.1099356263875961,0.0139092952013015,0.2061488032341003,-0.0152654498815536,-0.0291084647178649,-0.071500763297081,-0.0247963890433311,-0.117476612329483,-0.3304638564586639,-0.0511638298630714,0.2232652902603149,0.1736541837453842,0.0661499947309494,0.3421736657619476,0.3053213953971863,-0.3123511373996734,-0.0004922449588775,0.0158305820077657
1.0,0.2559894919395447,0.3067065477371216,-0.0790006667375564,0.0076644122600555,0.1344512403011322,-0.0504302084445953,0.0337899476289749,-0.0383315235376358,0.0121677070856094,-0.1732171922922134,-0.2592251002788543,-0.1035832241177558,0.2022153288125991,0.1950175613164901,0.0337261855602264,0.2728620171546936,0.2474655508995056,-0.3019844591617584,-0.0247969627380371,0.0240490119904279
0.0,0.2254441231489181,0.3568734526634216,-0.0977318882942199,0.0153700932860374,0.2122117131948471,0.0071696043014526,0.0073282718658447,-0.0773198753595352,-0.0323051735758781,-0.1222335845232009,-0.3216327726840973,-0.1083143576979637,0.2266035377979278,0.1993316859006881,0.0305815935134887,0.3286026418209076,0.3419005274772644,-0.32868492603302,-0.0285734683275222,-0.0101708341389894
2.0,0.3031846582889557,0.2489663958549499,-0.077754721045494,-0.0099946856498718,0.2094980180263519,-0.0291292667388916,-0.011586770415306,-0.081679567694664,0.0308287665247917,-0.1116141900420188,-0.2883792519569397,-0.0633367821574211,0.2261128723621368,0.1619782000780105,0.0334594249725341,0.2657965719699859,0.2487032413482666,-0.3070720434188843,0.0057508796453475,0.0557291656732559
0.0,0.2367499023675918,0.3538990616798401,-0.0859210491180419,0.0056837648153305,0.2443552166223526,0.0094591081142425,-0.0166868567466735,-0.0665711462497711,-0.0365005284547805,-0.0912541300058364,-0.3322679996490478,-0.0853525623679161,0.2597426772117615,0.1636358499526977,0.0260003805160522,0.3337849676609039,0.3502775132656097,-0.3247471451759338,-0.0154372453689575,-0.0005704034119844
0.0,0.2303407192230224,0.363157719373703,-0.1012991592288017,0.0138088464736938,0.2334613800048828,0.017103835940361,-0.0278445333242416,-0.0773983150720596,-0.0380211248993873,-0.1050445437431335,-0.3393686413764953,-0.0945925787091255,0.2456422448158264,0.1864828467369079,0.0353700816631317,0.352957159280777,0.3545157313346863,-0.3375999927520752,-0.000979721546173,-0.0050755012780427
2.0,0.2740551233291626,0.3031040728092193,-0.0519549883902072,-0.0017349272966384,0.2904837727546692,0.020492285490036,-0.0089626461267471,-0.076861597597599,-0.0038005039095878,-0.0763040855526924,-0.3409864008426666,-0.0774305984377861,0.2764864861965179,0.1637440174818039,0.0383455157279968,0.3289918005466461,0.3275434374809265,-0.3294402956962585,-0.0142089277505874,0.0291387792676687
2.0,0.2572082877159118,0.3195945620536804,-0.0947624817490577,0.0257909372448921,0.2875551879405975,0.0389845669269561,-0.0082380473613739,-0.0908290892839431,-0.025278516113758,-0.0743682906031608,-0.3608657717704773,-0.0649984255433082,0.2464915812015533,0.1758290827274322,0.051205962896347,0.3491107523441314,0.3504979610443115,-0.3355250358581543,-0.007102683186531,0.0162830483168363
1.0,0.2516993880271911,0.3006165027618408,-0.1231314241886138,0.0080817192792892,0.1989372074604034,0.0064555257558822,0.0765035301446914,-0.0201632976531982,-0.0233725905418396,-0.1503317654132843,-0.301797866821289,-0.0621325671672821,0.1824353635311126,0.2106790691614151,0.0091362595558166,0.3316550254821777,0.3355445265769958,-0.2944219708442688,-0.0336664170026779,0.0161529760807752
1.0,0.2598743438720703,0.2812174260616302,-0.1092729941010475,0.0056851208209991,0.1838444173336029,-0.0179377198219299,0.0852469354867935,-0.0051489770412445,-0.007536344230175,-0.1521597653627395,-0.2832233905792236,-0.0523809120059013,0.1865863800048828,0.191708818078041,0.0106593370437622,0.3009772300720215,0.2999164760112762,-0.278529405593872,-0.0466832891106605,0.0321687459945678
2.0,0.3092699348926544,0.2816545665264129,-0.091197021305561,0.0229290276765823,0.2745179533958435,0.0251708924770355,-0.024830624461174,-0.085435464978218,-0.0009587258100509,-0.0699262917041778,-0.3448351323604584,-0.0625184550881385,0.2520703971385956,0.1518858820199966,0.0378175526857376,0.3109926879405975,0.307689905166626,-0.3349514305591583,0.0256289690732955,0.046146385371685
2.0,0.2931151986122131,0.2801856398582458,-0.1185209825634956,0.0303936824202537,0.1940059959888458,-0.0229125022888183,-0.0347949862480163,-0.0753714889287948,-0.0025187134742736,-0.1115019619464874,-0.3275143504142761,-0.0393784120678901,0.2116243839263916,0.147418737411499,0.0678556710481643,0.2986286580562591,0.2494528293609619,-0.3121360540390014,0.041097417473793,0.0516002923250198
2.0,0.2481699585914611,0.3243496119976043,-0.0935412347316742,0.0300362110137939,0.2279599606990814,0.0096214711666107,0.0166388154029846,-0.0873000770807266,-0.0232760608196258,-0.1165137812495231,-0.3399698436260223,-0.0851840898394584,0.2175320386886596,0.1909324079751968,0.0615208446979522,0.3262098133563995,0.312293529510498,-0.3251993954181671,-0.0184242129325866,0.0085807871073484
2.0,0.2135107368230819,0.3400776386260986,-0.1007401496171951,0.0192410945892334,0.1993122994899749,-0.0090323984622955,0.0123690515756607,-0.0831342339515686,-0.0334810242056846,-0.1383536159992218,-0.3286423683166504,-0.070413239300251,0.2014952600002288,0.1994583457708358,0.0765777975320816,0.3444589972496032,0.3115382790565491,-0.3126636147499084,-0.0204873234033584,-0.0059010107070207
2.0,0.2625303268432617,0.3108046054840088,-0.1153796911239624,0.0455245524644851,0.2635684609413147,0.0224334597587585,-0.0119299739599227,-0.0720516592264175,-0.0229899659752845,-0.0748937278985977,-0.3593779802322387,-0.0414596945047378,0.2361822426319122,0.1553021967411041,0.0604757815599441,0.3336987495422363,0.321245789527893,-0.3235833942890167,-0.00208081305027,0.0341112613677978
0.0,0.1738380193710327,0.3713587522506714,-0.0518139228224754,-0.0261156111955642,0.1611329913139343,-0.0459387302398681,0.0075175762176513,-0.0854584872722625,-0.0321758612990379,-0.1786993145942688,-0.2983916401863098,-0.1081166192889213,0.2166499197483062,0.21928371489048,0.0797953158617019,0.3490605652332306,0.3003467321395874,-0.3060919046401977,-0.0406767278909683,-0.0341109856963157
0.0,0.2128083109855651,0.3189262449741363,-0.0475510507822036,-0.0598240941762924,0.1749282628297805,-0.0637989044189453,-0.0296186953783035,-0.0608230084180831,0.0088772624731063,-0.1479327529668808,-0.2637612819671631,-0.0792970061302185,0.2484513521194458,0.1827132850885391,0.0346206128597259,0.3116853833198547,0.2805851995944977,-0.293016642332077,-0.0296147167682647,0.0115666519850492
0.0,0.2010857611894607,0.3656424582004547,-0.0757925361394882,-0.0040052682161331,0.190123051404953,-0.0204523205757141,-0.0008731633424758,-0.0744528323411941,-0.033468835055828,-0.1438710540533065,-0.3125803768634796,-0.1010620668530464,0.2292735874652862,0.1992524713277816,0.0548427700996398,0.3405622839927673,0.3210721909999847,-0.3162954449653625,-0.0303056240081787,-0.0179174486547708
1.0,0.2711089551448822,0.2838274538516998,-0.0961237922310829,-0.0086032599210739,0.1410598158836364,-0.0465503633022308,0.0354502201080322,-0.0191681832075119,0.0134061500430107,-0.1711769700050354,-0.2572781145572662,-0.0785204544663429,0.1959664225578308,0.1917532831430435,0.012559026479721,0.2821560800075531,0.2588679790496826,-0.2909290194511413,-0.0122771859169006,0.0376025438308715
0.0,0.2050697803497314,0.3458579182624817,-0.0990829616785049,0.0080796927213668,0.1973174214363098,-0.014670506119728,0.0106206834316253,-0.0699167251586914,-0.0299505814909935,-0.1343194246292114,-0.3167043924331665,-0.0763667225837707,0.213349312543869,0.1964334845542907,0.0542264282703399,0.3359419107437134,0.3212986886501312,-0.3081508874893188,-0.0379823893308639,-0.0048522520810365
2.0,0.2968952357769012,0.272199273109436,-0.0799145400524139,0.0066673308610916,0.2655823826789856,0.0074307769536972,-0.0185025185346603,-0.074977621436119,0.0132510364055633,-0.0753206387162208,-0.3228858709335327,-0.058284156024456,0.2555437088012695,0.1524641662836074,0.0303110629320144,0.2979701459407806,0.2975005507469177,-0.3219614923000335,0.0015248507261276,0.0516552925109863
1.0,0.2508752942085266,0.3181101083755493,-0.0807644799351692,0.008070558309555,0.1503133773803711,-0.036478504538536,0.0257451087236404,-0.048837199807167,0.0041943863034248,-0.1660433113574981,-0.2717060148715973,-0.1088402047753334,0.2072361409664154,0.2010666280984878,0.0343675166368484,0.2888502180576324,0.2677502930164337,-0.3114457130432129,-0.0203587561845779,0.0156359802931547
2.0,0.2719740867614746,0.3002293109893799,-0.0905661284923553,0.0056618452072143,0.2528068125247955,0.0122500658035278,-0.0183768272399902,-0.0794072449207305,3.755837678909302e-05,-0.087767019867897,-0.3216296136379242,-0.0750040411949157,0.2469131052494049,0.172809898853302,0.0248858928680419,0.3135329484939575,0.3212821185588836,-0.3281440138816833,-0.0049320608377456,0.0310951005667448
1.0,0.2595514059066772,0.280619740486145,-0.0821117237210273,-0.0040951371192932,0.1031169667840004,-0.0728581994771957,0.0642709732055664,-0.0143854618072509,0.0173886865377426,-0.2029092758893966,-0.2403935194015503,-0.0801944807171821,0.1747435629367828,0.1985919922590255,0.0378521084785461,0.2678439319133758,0.2205856740474701,-0.2765222191810608,-0.0270024985074996,0.0329912602901458
1.0,0.2554010152816772,0.2882468700408935,-0.1020958125591278,-0.0022804886102676,0.1703805476427078,-0.0232899487018585,0.0765736252069473,-0.0147296488285064,-0.0071930363774299,-0.167801558971405,-0.2796830236911773,-0.0647655799984932,0.1833401024341583,0.2041145712137222,0.0183347314596176,0.3090704381465912,0.294213056564331,-0.2839091420173645,-0.0359210222959518,0.0243529211729764
1.0,0.2673486471176147,0.2698233425617218,-0.0909378007054328,-0.0102436542510986,0.1109035536646843,-0.0682727843523025,0.065928965806961,-0.0053474009037017,0.0175011679530143,-0.1979443132877349,-0.2414247542619705,-0.0680860355496406,0.1735745668411255,0.1956454366445541,0.0259827375411987,0.2715531289577484,0.2292057871818542,-0.2718623280525207,-0.0232965499162673,0.0398819595575332
1.0,0.2749526500701904,0.285499632358551,-0.1065654382109642,-0.0086433440446853,0.166017010807991,-0.0292053669691085,0.0241138786077499,-0.0210440456867218,0.0065980404615402,-0.1527862548828125,-0.2709742188453674,-0.0697397217154502,0.2039566934108734,0.1873152703046798,0.0038160681724548,0.2963865995407104,0.2836522459983825,-0.2966088056564331,-0.0036989748477935,0.0383885651826858
2.0,0.250438779592514,0.3321765661239624,-0.0912531390786171,0.0198436751961708,0.2454896867275238,0.0008016973733901,-0.0450178384780883,-0.0703544318675994,-0.0321561470627784,-0.090905837714672,-0.3559284508228302,-0.0436369404196739,0.2543038725852966,0.1468508541584015,0.07542285323143,0.3547914922237396,0.3110256791114807,-0.3220961391925812,0.0246732831001281,0.0220120903104543
1.0,0.2704442739486694,0.2632771730422973,-0.1176575198769569,-0.0007208883762359,0.1709247678518295,-0.0275164246559143,0.0894408226013183,0.0112274438142776,0.0017635449767112,-0.1576830297708511,-0.2698963284492492,-0.0412607789039611,0.1797559559345245,0.1877780854701995,-0.0021802186965942,0.2900033295154571,0.2884758710861206,-0.2684082388877868,-0.0449385195970535,0.0456155687570571
0.0,0.1753309518098831,0.3581092357635498,-0.0668440237641334,-0.0442302972078323,0.0672991573810577,-0.0945958644151687,0.0148357450962066,-0.0744529217481613,-0.0067345574498176,-0.2303542345762252,-0.2382741719484329,-0.1371267139911651,0.1806974112987518,0.2393293529748916,0.0493324846029281,0.294508546590805,0.2502862215042114,-0.2909572124481201,-0.0494284257292747,-0.028138430789113
2.0,0.279914915561676,0.2968851923942566,-0.1087735742330551,0.0149135887622833,0.2317467480897903,-0.000343918800354,-0.0385319143533706,-0.0677024871110916,0.0010449066758155,-0.0890498086810112,-0.3219172656536102,-0.0599027499556541,0.2431191205978393,0.1572222411632537,0.0288155078887939,0.3081844747066498,0.300860196352005,-0.3240432441234588,0.0145360082387924,0.0448234379291534
2.0,0.2586802542209625,0.3293310701847076,-0.0975527539849281,0.0242501571774482,0.3029532134532928,0.0445453226566314,-0.0415587574243545,-0.0783960744738578,-0.0253654047846794,-0.0572421625256538,-0.3687576949596405,-0.0577887967228889,0.2719197869300842,0.1620422452688217,0.0437428206205368,0.3645504117012024,0.3631579875946045,-0.3431591391563415,0.0084327608346939,0.0251133646816015
1.0,0.2331927418708801,0.3082623481750488,-0.0675441399216651,0.0030399709939956,0.0979589447379112,-0.0688456296920776,0.0769382119178772,-0.0358781069517135,0.0036771818995475,-0.2214335054159164,-0.2512847185134887,-0.1023953929543495,0.1660687327384948,0.2223979085683822,0.0664649903774261,0.2873976528644562,0.2261574268341064,-0.2857335209846496,-0.0365170687437057,0.0063587706536054
1.0,0.2526353597640991,0.2802770137786865,-0.1307296454906463,0.0062195807695388,0.1780738532543182,-0.0094397366046905,0.1064830273389816,0.0066535919904708,-0.0163380801677703,-0.1654959022998809,-0.286672443151474,-0.0447345748543739,0.1646772027015686,0.2097258418798446,0.0031048357486724,0.3178873360157013,0.3176265954971313,-0.2728219628334045,-0.0516191571950912,0.0287432726472616
0.0,0.1735112816095352,0.3747731149196625,-0.0559199526906013,-0.0194870382547378,0.1766389012336731,-0.034417301416397,0.00279001891613,-0.0901829004287719,-0.0375106893479824,-0.1697195321321487,-0.3115139007568359,-0.1029755398631095,0.2193058431148529,0.2188058346509933,0.085839033126831,0.3615360558032989,0.3112934231758117,-0.3115278780460357,-0.0352676212787628,-0.0351751744747161
2.0,0.2611029744148254,0.3123601078987121,-0.1140181273221969,0.0265644639730453,0.2049242854118347,-0.0106570720672607,-0.0275788754224777,-0.0759603232145309,-0.0162312090396881,-0.1128752380609512,-0.3317440450191498,-0.0565381869673728,0.2190043032169342,0.1655646115541458,0.0619430691003799,0.3209773898124695,0.2866939604282379,-0.3186735212802887,0.0183211416006088,0.0291454177349805
0.0,0.2141963541507721,0.3654835820198059,-0.0913558527827262,0.0058729499578475,0.2101542651653289,-0.0012017786502838,-0.0160458832979202,-0.0775399059057235,-0.0365759581327438,-0.1259001195430755,-0.327177882194519,-0.0974224135279655,0.2350246608257293,0.1950171142816543,0.0469169318675994,0.3493083417415619,0.3382448554039001,-0.3277830481529236,-0.0138071924448013,-0.0122122261673212
1.0,0.283477783203125,0.2666094601154327,-0.0994898453354835,-0.0082002133131027,0.1315956264734268,-0.0592723339796066,0.0359077900648117,-0.004198282957077,0.0243618860840797,-0.1671596467494964,-0.2446116805076599,-0.0659961625933647,0.1969758868217468,0.1754176914691925,0.0040460526943206,0.2604162096977234,0.2395800352096557,-0.2805845141410827,-0.0139824450016021,0.0539061576128006
